
{
    "region" : "us-east-1",
    "profile" : "Acqueon",
    "configuration" : "Release",
    "framework"     : "netcoreapp2.1",
    "function-name" : "AcqueonLambdaFuntions",
    "function-handler" : "dotnetLexChatBot::dotnetLexChatBot.Program::Main",
    "function-memory-size" : 256,
    "function-role"        : "arn:aws:iam::714162997268:role/lambda_exec_ScotChatBot",
    "function-timeout"     : 10,
    "function-runtime"     : "dotnetcore2.1",
    "tracing-mode"         : "PassThrough",
    "environment-variables" : ""
}